Wavelength,T1CA(v),T1CB(v),T1CC(v),T1CD(v),T2CA(v),T2CB(v),T2CC(v),T2CD(v)
8.006405124,0.00014562,9.71E-05,0.00155328,0.00019416,1.00E-07,2.80E-07,0,0.0002
8.012820513,-5.22E-05,-0.0003129,0.00067795,-0.0003129,6.00E-08,2.60E-07,0,0.0002
8.019246191,0.00022336,-0.00022336,-0.00039088,-0.00039088,8.00E-08,4.00E-08,0,0.0002
8.025682183,0.00089325,0.00029775,-0.0005955,-0.00017865,6.00E-08,-1.40E-07,0,0.0002
8.032128514,0.00132804,0.00069564,0.00050592,-0.00012648,-1.20E-07,-1.80E-07,0,0.0002
8.038585209,0.0012024,0.0008684,0.001336,0,-1.80E-07,4.00E-08,0,0.0002
8.045052293,0.00119204,0.00063108,0.0007012,0.00014024,-2.00E-08,1.80E-07,0,0.0001
8.051529791,0.00131742,0.00036595,-0.00029276,7.32E-05,2.00E-08,2.10E-07,0,0.0001
8.058017728,0.00144362,0.00022794,-0.00030392,0.00015196,-1.00E-08,1.20E-07,0,0.0001
8.064516129,0.00180389,0.00015686,0.00039215,-7.84E-05,-2.00E-08,7.00E-08,0,0.0001
8.07102502,0.00209352,0.00088572,0.00096624,-0.0004026,2.00E-08,2.60E-07,0,0.0002
8.077544426,0.00230328,0.0016452,0.00090486,-0.00032904,1.00E-07,2.20E-07,0,0.0002
8.084074373,0.00242585,0.0018403,0.00041825,8.37E-05,7.00E-08,-2.00E-08,0,0.0001
8.090614887,0.00237216,0.00135552,0.00025416,0.00025416,1.60E-07,-2.00E-07,0,0.0002
8.097165992,0.00239428,8.55E-05,0.00076959,0,1.00E-07,-1.10E-07,0,0.0001
8.103727715,0.00283932,-0.00034416,0.00103248,-0.00017208,1.00E-07,-7.00E-08,0,0.0001
8.110300081,0.00371219,0.00034532,0.00017266,8.63E-05,9.00E-08,1.00E-08,0,0.0001
8.116883117,0.00475365,0.00051858,-0.00060501,0.00034572,6.00E-08,4.00E-08,0,0.0001
8.123476848,0.005184,0.0005184,0,0.0002592,-8.00E-08,0,0,0.0002
8.130081301,0.0047443,0.00051756,0.0012939,0.00034504,-3.60E-07,6.00E-08,0,0.0003
8.136696501,0.00412944,0,0.0017206,0.00043015,-2.60E-07,1.40E-07,0,0.0002
8.143322476,0.0042865,-0.00042865,0.00094303,0.00077157,-1.00E-07,2.00E-07,0,0.0002
8.14995925,0.00546432,-0.00051228,0,0.0012807,1.00E-07,3.60E-07,0,0.0002
8.156606852,0.00697,0,0.000255,0.00153,1.60E-07,3.40E-07,0,0.0002
8.163265306,0.0076167,0.00093093,0.00050778,0.00152334,1.50E-07,2.40E-07,0,0.0003
8.169934641,0.00741488,0.00151668,-0.00025278,0.00143242,1.60E-07,4.00E-08,0,0.0004
8.176614881,0.00746532,0.00150984,-0.00109044,0.0008388,1.60E-07,-1.20E-07,0,0.0004
8.183306056,0.00810144,0.00116928,-0.00158688,0,4.00E-08,-3.60E-07,0,0.0004
8.19000819,0.0094848,0.000832,-0.0007488,-0.0004992,-4.00E-08,-4.00E-07,0,0.0004
8.196721311,0.01086252,0.00016584,0.0012438,-0.00033168,-6.00E-08,9.00E-08,0,0.0003
8.203445447,0.01207128,0,0.00223236,0.00024804,0,4.20E-07,0,0.0003
8.210180624,0.01377249,0.00074223,0.00148446,0.00032988,2.70E-07,4.50E-07,0,0.0003
8.216926869,0.01472991,0.0008229,-8.23E-05,0.00024687,3.30E-07,2.10E-07,0,0.0003
8.223684211,0.01552446,0.00049284,-0.00049284,0.0004107,2.50E-07,2.00E-07,0,0.0005
8.230452675,0.01747026,0.00016404,0.00114828,0.00024606,1.20E-07,4.20E-07,0,0.0006
8.23723229,0.01999336,-8.19E-05,0.0024582,-8.19E-05,1.80E-07,4.20E-07,0,0.0006
8.244023083,0.02317204,0.00049128,0.00180136,0,3.50E-07,6.30E-07,0,0.0007
8.250825083,0.02710228,0.00098256,0.00016376,0.00049128,4.90E-07,6.30E-07,0,0.0007
8.257638315,0.0311258,0.00098292,-0.00065528,0.00073719,0,7.00E-07,0,0.0007
8.26446281,0.03549301,0.00114758,8.20E-05,0.00040985,-7.20E-07,7.20E-07,0,0.0008
8.271298594,0.04110705,0.0011487,0.00155895,0.0003282,-9.00E-07,3.60E-07,0,0.0009
8.278145695,0.04781712,0.00106808,0.00172536,0.00073944,-7.70E-07,2.20E-07,0,0.0011
8.285004143,0.0559436,0.00074043,0.00024681,0.0008227,2.40E-07,4.80E-07,0,0.0012
8.291873964,0.06499782,0.0008238,-0.0008238,0.00032952,1.08E-06,6.00E-07,0,0.0012
8.298755187,0.07575336,0.002063,-0.00016504,-0.00016504,1.17E-06,3.90E-07,0,0.0013
8.305647841,0.08994496,0.00289345,0.00148806,0.00024801,1.54E-06,4.20E-07,0,0.0014
8.312551953,0.10620088,0.00339644,0.00173964,0.00099408,9.00E-07,9.00E-07,0,0.0015
8.319467554,0.12667326,0.00431652,-0.00024903,0.00066408,4.50E-07,1.35E-06,0,0.0015
8.326394671,0.15072216,0.00482444,-0.00191314,0.00016636,2.10E-06,1.65E-06,0,0.0015
8.333333333,0.17941224,0.00450198,-0.0008337,0.00050022,4.20E-06,1.20E-06,0,0.0015
8.34028357,0.21591904,0.0033424,0.00192188,0.0008356,4.76E-06,1.40E-06,0,0.0014
8.347245409,0.256945,0.00309875,0.00309875,0.0011725,3.38E-06,2.08E-06,0,0.0013
8.354218881,0.3077134,0.00403008,0.00117544,0.0012594,1.44E-06,2.28E-06,0,0.0012
8.361204013,0.36403525,0.00471352,-0.00202008,0.00067336,8.40E-07,2.28E-06,0,0.0012
8.368200837,0.42510644,0.00573784,-0.00303768,0.00059066,1.21E-06,1.43E-06,0,0.0011
8.37520938,0.492795,0.0065988,-0.0009306,0.0014382,1.30E-06,9.00E-07,0,0.001
8.382229673,0.55427922,0.00661674,0.00186626,0.00195109,9.90E-07,5.40E-07,0,0.0009
8.389261745,0.61600452,0.00731516,0.00280698,0.00119084,3.60E-07,2.70E-07,0,0.0009
8.396305626,0.67106172,0.00835842,0.00179109,0.0008529,-1.80E-07,4.50E-07,0,0.0009
8.403361345,0.71187075,0.00949161,0.00059857,0.00119714,-5.00E-07,2.00E-07,0,0.001
8.410428932,0.743967,0.01089025,0.00111475,0.001029,-5.00E-07,1.00E-07,0,0.001
8.417508418,0.76333875,0.01186938,0.0025803,0.00051606,-5.50E-07,4.40E-07,0,0.0011
8.424599832,0.77487,0.01216125,0.0025875,0.000345,-4.40E-07,3.30E-07,0,0.0011
8.431703204,0.78011718,0.01192734,0.00077787,0.00103716,-5.00E-07,-1.00E-07,0,0.001
8.438818565,0.77767119,0.01333794,-0.00043305,0.00155898,-8.00E-07,-6.00E-07,0,0.001
8.445945946,0.77538186,0.01588257,0.00017358,0.00095469,-8.80E-07,-3.30E-07,0,0.0011
8.453085376,0.77533536,0.01765288,0.00208704,0,-7.70E-07,2.20E-07,0,0.0011
8.460236887,0.77179158,0.01976943,0.00278688,0,0,4.40E-07,0,0.0011
8.467400508,0.77006208,0.02197188,0.00156942,0.00148223,1.21E-06,-1.10E-07,0,0.0011
8.474576271,0.76361226,0.0239965,0.00104712,0.00296684,1.32E-06,-4.40E-07,0,0.0011
8.481764207,0.7491213,0.0269757,0.0021825,0.0027063,7.20E-07,-3.60E-07,0,0.0012
8.488964346,0.7320105,0.0306423,0.0038412,0.0013968,1.32E-06,-1.08E-06,0,0.0012
8.49617672,0.69564425,0.03585975,0.0047115,0.0005235,2.04E-06,-8.40E-07,0,0.0012
8.503401361,0.64910586,0.04252432,0.00409558,0.00034856,1.95E-06,0,0,0.0013
8.510638298,0.59349521,0.04907364,0.00287133,0.00043505,2.24E-06,9.80E-07,0,0.0014
8.517887564,0.52263662,0.05680644,0.00295324,0,2.80E-06,9.80E-07,0,0.0014
8.52514919,0.45524336,0.06665692,0.00424732,-0.0008668,2.94E-06,-2.80E-07,0,0.0014
8.532423208,0.3841838,0.07927465,0.0050141,-0.00095095,2.10E-06,-9.00E-07,0,0.0015
8.53970965,0.320233,0.095251,0.0043962,0.0001724,4.80E-07,3.20E-07,0,0.0016
8.547008547,0.26753122,0.11490178,0.004297,0.00094534,-9.00E-07,1.80E-06,0,0.0018
8.554319932,0.21637716,0.13971146,0.00633884,-0.00017132,-1.40E-06,2.00E-06,0,0.002
8.561643836,0.17739886,0.17039852,0.00870774,-0.00145129,-4.60E-07,2.99E-06,0,0.0023
8.568980291,0.14392101,0.20724285,0.00902166,-0.00136176,1.00E-06,3.50E-06,0,0.0025
8.576329331,0.11754495,0.25070598,0.00789291,-0.00042435,5.40E-07,3.51E-06,0,0.0027
8.583690987,0.09780916,0.30061933,0.00786873,0.00067688,-6.00E-07,4.80E-06,0,0.003
8.591065292,0.07978564,0.35836066,0.01079552,0.00109642,-3.40E-07,4.76E-06,0,0.0034
8.598452279,0.06710382,0.42263634,0.01454757,0.00109317,7.60E-07,2.28E-06,0,0.0038
8.605851979,0.0549545,0.4882141,0.0161088,0.0010068,2.58E-06,1.29E-06,0,0.0043
8.613264427,0.04613523,0.54943626,0.01699719,0.00133968,5.00E-06,6.50E-06,0,0.005
8.620689655,0.04027592,0.6024676,0.01846676,0.0016712,6.16E-06,9.52E-06,0,0.0056
8.628127696,0.03469856,0.64534317,0.02035204,0.00100092,6.93E-06,5.67E-06,0,0.0063
8.635578584,0.03090059,0.67706441,0.02365436,8.33E-05,4.26E-06,-1.42E-06,0,0.0071
8.643042351,0.02638074,0.6982158,0.0287109,-0.00024966,1.62E-06,-8.10E-06,0,0.0081
8.650519031,0.0224559,0.71118667,0.03376702,0.00041585,7.36E-06,-1.01E-05,0,0.0092
8.658008658,0.01928384,0.71790744,0.0382352,0.0012468,1.35E-05,-7.28E-06,0,0.0104
8.665511265,0.01586637,0.72088146,0.04386096,0.00116298,1.90E-05,-4.76E-06,0,0.0119
8.673026886,0.01403376,0.72269712,0.05239824,0.0008304,2.62E-05,-4.14E-06,0,0.0138
8.680555556,0.012453,0.72443252,0.0630952,0.00132832,2.69E-05,1.26E-05,0,0.0158
8.688097307,0.01120635,0.72691857,0.074709,0.00199224,2.31E-05,4.09E-05,0,0.0178
8.695652174,0.01037375,0.72773931,0.08738847,0.00141083,2.22E-05,5.05E-05,0,0.0202
8.703220191,0.0091223,0.72348132,0.10399422,0.00024879,1.60E-05,3.66E-05,0,0.0229
8.710801394,0.00795168,0.71449158,0.1283865,0.00066264,1.02E-05,-5.12E-06,0,0.0256
8.718395815,0.00694764,0.69898221,0.1596303,0.0024813,1.13E-05,-2.26E-05,0,0.0282
8.72600349,0.00668898,0.673027,0.19381526,0.00297288,1.24E-05,1.56E-05,0,0.0311
8.733624454,0.00708726,0.63513387,0.23140728,0.00214266,1.04E-05,5.88E-05,0,0.0346
8.741258741,0.00633017,0.5869794,0.27828085,0.00189083,2.67E-05,7.62E-05,0,0.0381
8.748906387,0.005166,0.532426,0.337348,0.001968,6.61E-05,9.91E-05,0,0.0413
8.756567426,0.00441558,0.47320299,0.40443442,0.00171717,8.05E-05,0.00017433,0,0.0447
8.764241893,0.00366615,0.41117909,0.47122248,0.00219969,5.36E-05,0.00021915,0,0.0487
8.771929825,0.00332633,0.35186081,0.53180715,0.00356972,1.59E-05,0.0001378,0,0.053
8.779631255,0.00331198,0.29832054,0.58476642,0.00468524,-3.41E-05,-2.28E-05,0,0.0569
8.787346221,0.0025728,0.2506872,0.6286476,0.0055476,-4.88E-05,-7.32E-05,0,0.061
8.795074758,0.00175956,0.2087478,0.65975502,0.0059985,5.95E-05,-1.32E-05,0,0.0661
8.802816901,0.00182942,0.17276088,0.67521506,0.00620412,0.00017208,-1.43E-05,0,0.0717
8.810572687,0.0022148,0.1434874,0.6767005,0.0072772,0.00014649,-2.31E-05,0,0.0771
8.818342152,0.0023604,0.11990832,0.6715338,0.00841876,0.00010738,-1.65E-05,0,0.0826
8.826125331,0.00203502,0.10002906,0.66584289,0.00931413,0.0001611,0,0,0.0895
8.833922261,0.00186912,0.08309796,0.6615906,0.00996864,0.000195,6.83E-05,0,0.0975
8.84173298,0.00286676,0.06903468,0.65873496,0.01115712,9.50E-05,0.0001688,0,0.1055
8.849557522,0.00323736,0.05834956,0.65487168,0.0138744,-1.14E-05,0.00025036,0,0.1138
8.857395926,0.0023007,0.05000188,0.64841395,0.01756201,-4.95E-05,0.00033399,0,0.1237
8.865248227,0.00106862,0.04182884,0.64262227,0.02099075,-1.35E-05,0.00041943,0,0.1353
8.873114463,0.000304,0.03458,0.638248,0.02508,4.41E-05,0.00036775,0,0.1471
8.880994671,0.0004542,0.0284632,0.6280072,0.0315669,-3.18E-05,0.00011123,0,0.1589
8.888888889,0.00188525,0.02345251,0.60373246,0.03868533,-0.0002583,-5.17E-05,0,0.1722
8.896797153,0.00278055,0.01991475,0.56354985,0.04531545,-0.00039354,5.62E-05,0,0.1874
8.904719501,0.00202365,0.0172385,0.5125081,0.05403895,-0.00026351,0.00046621,0,0.2027
8.912655971,0.00082269,0.01600506,0.45711648,0.06663789,-6.51E-05,0.0008246,0,0.217
8.920606601,0.00037325,0.0147807,0.3990789,0.08323475,6.94E-05,0.00078608,0,0.2312
8.928571429,0.00067095,0.0125244,0.338457,0.10429545,9.86E-05,0.00051744,0,0.2464
8.936550492,0.00134028,0.01049886,0.27989514,0.12941148,0.00018277,0.0005222,0,0.2611
8.944543828,0.0010409,0.00840155,0.22951845,0.1595551,0.00024597,0.00087456,0,0.2733
8.952551477,7.43E-05,0.0066843,0.18961131,0.19696404,0.00017004,0.0007085,0,0.2834
8.960573477,-0.00044532,0.00564072,0.15667842,0.23995326,0.00017592,8.80E-05,0,0.2932
8.968609865,0,0.00489786,0.12749278,0.28786059,0.00024184,-0.00012092,0,0.3023
8.976660682,0.00089064,0.00504696,0.10338846,0.33896274,0.00024736,9.28E-05,0,0.3092
8.984725966,0.00155883,0.00497341,0.08491912,0.38785175,0.00034507,0.00028233,0,0.3137
8.992805755,0.001782,0.00452925,0.07076025,0.432729,0.00041275,0.00015875,0,0.3175
9.00090009,0.00096564,0.00430824,0.06038964,0.47123232,0.00061123,0.00012868,0,0.3217
9.009009009,-0.00014864,0.00453352,0.05209832,0.50009928,0.00084604,0.00035794,0,0.3254
9.017132552,-0.00022308,0.005577,0.0438724,0.52029692,0.0006564,0.00072204,0,0.3282
9.025270758,-0.00044634,0.00557925,0.03615354,0.53419459,0.0003308,0.00076084,0,0.3308
9.033423668,-0.00089316,0.00364707,0.03021858,0.54371115,0.0002676,0.0004014,0,0.3345
9.04159132,-0.0007447,0.00230857,0.02666026,0.55085459,0.00010179,3.39E-05,0,0.3393
9.049773756,-0.00052164,0.00245916,0.02436804,0.55673892,-0.0001724,-0.00010344,0,0.3448
9.057971014,0.00044748,0.00283404,0.02132988,0.56166198,-0.00021048,0.00028064,0,0.3508
9.066183137,0.00209104,0.00253912,0.01769916,0.56614908,-0.00017895,0.0003579,0,0.3579
9.074410163,0.00291681,0.0022437,0.01540674,0.57124602,3.67E-05,0.0001833,0,0.3666
9.082652134,0.0017976,0.0023968,0.0146055,0.5740336,0.00030144,0.00022608,0,0.3768
9.090909091,0,0.00180072,0.01373049,0.56880243,0.00031056,0.00011646,0,0.3882
9.099181074,0,0.00142842,0.01187844,0.55054314,0.00028049,-0.00036063,0,0.4007
9.107468124,0.00105476,0.00180816,0.00971886,0.5175858,0.00024876,-0.00087066,0,0.4146
9.115770283,0.0011328,0.00098176,0.00785408,0.472,4.30E-05,-0.00068864,0,0.4304
9.124087591,0.00083325,0.000606,0.00719625,0.41609475,0.00031325,0,0,0.4475
9.132420091,-7.60E-05,0.00182472,0.00745094,0.35414774,0.00055836,0.00032571,0,0.4653
9.140767824,-0.00030528,0.00297648,0.0064872,0.29276352,9.68E-05,0.00029034,0,0.4839
9.149130833,0.00068949,0.00352406,0.0045966,0.23726117,-0.0004536,0.0003024,0,0.504
9.157509158,0.0006156,0.003078,0.00392445,0.19075905,-0.00063024,0.00015756,0,0.5252
9.165902841,-0.00054138,0.0023202,0.00494976,0.1527465,-0.00010924,-0.0005462,0,0.5462
9.174311927,-0.0011661,0.00178802,0.00629694,0.1220518,0.00090672,-0.00045336,0,0.5667
9.182736455,-0.0003126,0.0009378,0.00523605,0.09682785,0.00140976,0.00046992,0,0.5874
9.191176471,0.00125792,0.0007862,0.0015724,0.07791242,0.00158158,0.00024332,0,0.6083
9.199632015,0.00205712,0.0007912,-0.00063296,0.06416632,0.00144486,-0.00025128,0,0.6282
9.208103131,0.00167244,0.00047784,0.00167244,0.05184564,0.0009696,0.0003232,0,0.6464
9.216589862,0.001203,0.0012832,0.0054536,0.0418644,0.00112761,0.00126027,0,0.6633
9.225092251,0.00088825,0.00201875,0.00637925,0.034884,0.0012231,0.00129105,0,0.6795
9.233610342,-0.0004064,0.0016256,0.00316992,0.02934208,0,0.00041658,0,0.6943
9.242144177,-0.00196368,0.0008182,8.18E-05,0.024546,-0.00127206,-0.00021201,0,0.7067
9.250693802,-0.00205925,0.00074133,0.00172977,0.02034539,-0.00100464,-0.00028704,0,0.7176
9.259259259,-0.00099456,0.00198912,0.00555296,0.016576,0.00021831,0.00065493,0,0.7277
9.267840593,0.00033344,0.0025008,0.006252,0.0141712,0.00125239,0.00162074,0,0.7367
9.276437848,0.00108966,0.00217932,0.00259842,0.01307592,0.00119072,0.00119072,0,0.7442
9.285051068,0.00185306,0.00143191,-0.00160037,0.01145528,0.0004503,0,0,0.7505
9.293680297,0.00270688,0.00059213,-0.00118426,0.0093049,0.0004539,-0.0001513,0,0.7565
9.302325581,0.00229311,0.00033972,0.00288762,0.00806835,0.00129506,0.00053326,0,0.7618
9.310986965,0.00136336,0.00042605,0.00468655,0.00732806,0.00199238,0.00030652,0,0.7663
9.319664492,0.00025632,0.00068352,0.00187968,0.00709152,0.0018492,-7.71E-05,0,0.7705
9.328358209,-0.001284,0.0014552,-0.001712,0.0065912,0.0007751,-0.00015502,0,0.7751
9.337068161,-0.00188496,0.00239904,-0.00222768,0.00479808,-0.00031196,-0.00023397,0,0.7799
9.345794393,-0.00077121,0.00334191,0.00094259,0.00377036,7.84E-05,0.00062744,0,0.7843
9.35453695,0.00111345,0.0023982,0.00419685,0.0041112,0.00149834,0.0007886,0,0.7886
9.36329588,0.00188276,0.00025674,0.0025674,0.00393668,0.00222096,0.00015864,0,0.7932
9.372071228,0.00136752,8.55E-05,-0.00213675,0.00367521,0.0013566,-7.98E-05,0,0.798
9.380863039,0.0008529,0.00110877,-0.00400863,0.0042645,-0.000321,-8.03E-05,0,0.8025
9.389671362,0.0011907,0.00229635,-0.001701,0.0047628,-0.00112966,0,0,0.8069
9.398496241,0.00186516,0.0029673,0.00203472,0.004239,-0.00064928,0.00048696,0,0.8116
9.407337723,0.00152046,0.00143599,0.00371668,0.00380115,0.00016324,0.00089782,0,0.8162
9.416195857,0.0005046,-8.41E-05,0.0026071,0.0031958,0.0008201,0.00073809,0,0.8201
9.425070688,0.00050226,-0.00033484,0.00041855,0.00192533,0.00107068,0.00107068,0,0.8236
9.433962264,0.00108329,0.00066664,8.33E-05,0.00074997,0.0005789,0.0009924,0,0.827
9.442870633,0.00107848,0.00223992,0.00132736,0.00049776,0.00024909,0.00041515,0,0.8303
9.451795841,0.00049548,0.00156902,0.00140386,0.00115612,0.00024993,0.0008331,0,0.8331
9.460737938,-8.22E-05,0.0005754,-8.22E-05,0.0013974,0.00050124,0.00158726,0,0.8354
9.46969697,-0.00073647,0,-0.0008183,8.18E-05,0.0015075,0.00134,0,0.8375
9.478672986,-0.00138499,-0.00097764,0,-0.00138499,0.00234892,8.39E-05,0,0.8389
9.487666034,-0.00097332,-0.00089221,0.00137887,-0.00129776,0.00184668,-0.00025182,0,0.8394
9.496676163,8.08E-05,0.00024228,0.002019,-0.00104988,0.00092312,0.00025176,0,0.8392
9.505703422,0.00056287,0.00136697,0.00104533,-0.00192984,0.00134208,0.00025164,0,0.8388
9.514747859,0.00128128,0.00112112,-0.00144144,-0.002002,0.0024302,0.0001676,0,0.838
9.523809524,0.00191424,0.00047856,-0.00255232,-0.00063808,0.00192395,0.0003346,0,0.8365
9.532888465,0.00111286,0.0007949,-0.00055643,0.00071541,0.00033396,0.00050094,0,0.8349
9.541984733,0.00055503,0.00103077,0.00182367,0.00103077,-0.00025005,0.0001667,0,0.8335
9.551098376,0.00047478,0.00134521,0.00102869,-7.91E-05,-0.0003328,0.0003328,0,0.832
9.560229446,-0.0001579,0.0009474,-0.0014211,-0.00055265,-0.00033188,0.00182534,0,0.8297
9.56937799,-0.00023637,0.00047274,-0.00220612,0.00102427,0.00099264,0.00314336,0,0.8272
9.578544061,0.0007872,0.0011808,-0.00086592,0.00228288,0.00297108,0.00255843,0,0.8253
9.587727709,0.00180987,0.00125904,0.00094428,0.00180987,0.00387186,0.0016476,0,0.8238
9.596928983,0.00133688,0.00023592,0.00062912,0.0007864,0.00345198,0.0016438,0,0.8219
9.606147935,-0.00023574,-0.00055006,-0.00110012,0.0003929,0.00237713,0.00106561,0,0.8197
9.615384615,-0.00102141,-0.00039285,-0.00023571,0.00023571,0.00171801,0.00073629,0,0.8181
9.624639076,-0.00031448,0.0007862,0.00212274,-0.00062896,0.00196104,0.00089881,0,0.8171
9.633911368,0.00125904,0.00173118,0.00196725,-0.0015738,0.00220293,0.0008159,0,0.8159
9.643201543,0.00197,0.00197,-0.0002364,-0.0011032,0.00138414,0.00073278,0,0.8142
9.652509653,0.00149929,0.00134147,-0.00142038,0.00039455,0.00016252,0.00065008,0,0.8126
9.661835749,0.00134402,0.0003953,-0.00086966,0.00102778,-0.000406,0.0005684,0,0.812
9.671179884,0.00190176,0.00103012,0.00023772,0.00071316,-0.00064912,-0.00032456,0,0.8114
9.68054211,0.00174834,0.0023841,0,0.00055629,-0.00048624,-0.00089144,0,0.8104
9.689922481,0.00143496,0.00231188,-0.00151468,0.00047832,-0.00024279,-0.00064744,0,0.8093
9.699321048,0.00127984,0.00127984,-0.00167979,0.00015998,-0.0004045,-0.0002427,0,0.809
9.708737864,0.00104351,-0.00016054,0.00096324,0.00056189,-0.00072828,0.00056644,0,0.8092
9.718172983,0.00072522,-0.00064464,0.00338436,0.00064464,-0.0012132,0.00024264,0,0.8088
9.727626459,0.00048534,-0.00064712,0.00145602,0.00056623,-0.00105027,-0.0008079,0,0.8079
9.737098345,8.12E-05,-0.000406,-0.0021924,0.0012992,8.08E-05,-0.00048456,0,0.8076
9.746588694,-8.15E-05,0.00138601,-0.00285355,0.00122295,0.0004041,0.00056574,0,0.8082
9.756097561,0.0008192,0.00212992,0.0004096,0.00049152,0.00016168,0.00064672,0,0.8084
9.765625,0.00172893,0.00065864,0.00419883,0.00049398,0.00016156,0.00048468,0,0.8078
9.775171065,0.00148896,0.00057904,0.00405328,0.00033088,0.0001615,0.00121125,0,0.8075
9.784735812,0.00049842,0.00157833,0.00041535,8.31E-05,8.08E-05,0.00226268,0,0.8081
9.794319295,-0.00033368,0.00158498,-0.0020855,0.00066736,8.09E-05,0.00258848,0,0.8089
9.803921569,-0.00033504,0.00108888,-0.00134016,0.00117264,0.00024267,0.00194136,0,0.8089
9.813542689,-0.00042045,-0.00016818,0.00067272,0.00117726,0.00016174,0.00113218,0,0.8087
9.823182711,-0.00016882,-0.00042205,0.00025323,0.00025323,0,0.00072864,0,0.8096
9.832841691,0.0013552,8.47E-05,-0.002541,-0.000847,0.00048648,0.00137836,0,0.8108
9.842519685,0.0016986,-0.00059451,-0.00407664,-0.00042465,0.00146016,0.00170352,0,0.8112
9.852216749,0.00034044,-0.00059577,-0.00187242,8.51E-05,0.0008921,0.0006488,0,0.811
9.861932939,0.00059689,8.53E-05,0.00221702,-0.00102324,-0.00024351,-8.12E-05,0,0.8117
9.871668312,0.0012807,0.00076842,0.0038421,-0.0021345,-0.00016266,0.00056931,0,0.8133
9.881422925,0.00076878,0.0017084,0.0012813,-0.0012813,-8.15E-05,0.0012219,1e-323,0.8146
9.891196835,0.00034172,0.00102516,-0.00239204,0,-0.00016304,0.00032608,4.11e-321,0.8152
9.900990099,0.0008537,0.00017074,-0.00273184,0.00051222,0.00032644,0.00016322,1.463334e-318,0.8161
9.910802775,0.00119336,0.0004262,0.00076716,0.00051144,0.00065392,0.00147132,5.1520161e-316,0.8174
9.920634921,0.0008508,0.00093588,0.0034032,0.0004254,0.0006548,0.0018007,1.7915049282e-313,0.8185
9.930486594,0.00059402,0.00161234,0.0021215,0.00093346,0.00131024,0.00147402,6.1483031484435e-311,0.8189
9.940357853,0,0.00109993,-0.00059227,0.00194603,0.002048,0.00057344,0.00E+00,0.8192
9.950248756,-8.43E-05,0.00016862,-0.00118034,0.00244499,0.001804,-0.000492,6.98E-306,0.82
9.960159363,0.00075564,0.00025188,0.00092356,0.00235088,0.0011487,-0.00090255,2.31E-303,0.8205
9.970089731,0.00066872,0.00050154,0.00342719,0.0016718,0.00114842,-0.00090233,7.53E-301,0.8203
9.98003992,0.00016642,0.00091531,0.0033284,0.00058247,0.00155819,-0.0008201,2.42E-298,0.8201
9.99000999,-8.28E-05,0.0018216,0.0004968,-0.0001656,0.001148,8.20E-05,7.70E-296,0.82
10,-0.00074142,0.00156522,-0.00131808,-0.00024714,0.00049176,0.00106548,2.42E-293,0.8196
10.01001001,-0.00065544,0.00057351,0.00040965,0.00016386,0.00139145,0.00090035,7.47E-291,0.8185
10.02004008,8.15E-05,0.00024447,0.00260768,0.00048894,0.00286055,0.00057211,2.28E-288,0.8173
10.03009027,0.00024318,0.0004053,0.00194544,0.00032424,0.00334765,0.00057155,6.87E-286,0.8165
10.04016064,-0.00072594,0.00048396,-0.00096792,8.07E-05,0.00285355,0.00048918,2.04E-283,0.8153
10.05025126,-0.00224728,0.00056182,-0.00304988,0.00016052,0.00227668,-0.00056917,5.97E-281,0.8131
10.06036217,-0.0023171,0.0011186,-0.0016779,0.0008789,0.00186484,-0.00154052,1.72E-278,0.8108
10.07049345,-0.00127312,0.00135269,0.00175054,0.00111398,0.00105222,-0.0012141,4.92E-276,0.8094
10.08064516,-0.00095124,0.0007927,0.00285372,0.00023781,-0.00032316,0.00016158,1.38E-273,0.8079
10.09081736,-0.00063192,-0.00031596,0.00023697,-0.00071091,-0.00064424,0.00120795,3.82E-271,0.8053
10.1010101,0.00055125,-0.00149625,-0.0011025,-0.0011025,0.00072216,0.00112336,1.04E-268,0.8024
10.11122346,0.00133569,-0.00109998,0.0015714,-0.00086427,0.00192168,0.00128112,2.81E-266,0.8007
10.12145749,0.00101959,0.00054901,0.00360778,0.00031372,0.00223916,0.0015994,7.45E-264,0.7997
10.13171226,0.00054831,0.00101829,0.00125328,0.00109662,0.00263307,0.00223412,1.95E-261,0.7979
10.14198783,0,0.00093948,-0.00148751,0.00031316,0.00286416,0.00230724,5.02E-259,0.7956
10.15228426,0.00015662,0.00054817,-0.00117465,-0.00039155,0.0026996,0.001588,1.27E-256,0.794
10.16260163,0.0006268,0,0.0012536,-0.00023505,0.00198375,0.00150765,3.19E-254,0.7935
10.17293998,0.00015688,0.00023532,0.00290228,0.00031376,0.0015856,0.00206128,7.88E-252,0.7928
10.18329939,-7.86E-05,0.00062864,0.00180734,0.00086438,0.00308607,0.00253216,1.91E-249,0.7913
10.19367992,0.00133858,0.00173228,0.00023622,0.00094488,0.005135,0.001659,4.57E-247,0.79
10.20408163,0.00260436,0.00284112,0.00086812,7.89E-05,0.00639819,7.90E-05,1.08E-244,0.7899
10.2145046,0.0023742,0.00292818,0.00269076,-0.00063312,0.0067167,-0.00031608,2.50E-242,0.7902
10.22494888,0.00182597,0.00293743,0.00325499,0.00103207,0.006636,0,5.72E-240,0.79
10.23541453,0.001992,0.00223104,0.00111552,0.00342624,0.00702833,0.00015794,1.29E-237,0.7897
10.24590164,0.002,0.0012,-0.00088,0.0032,0.00758304,-7.90E-05,2.85E-235,0.7899
10.25641026,0.0016066,0.0016066,-0.00032132,0.00168693,0.00885696,0,6.21E-233,0.7908
10.26694045,0.0008064,0.00217728,0.0016128,0.00056448,0.01100324,0.00063328,1.33E-230,0.7916
10.27749229,8.10E-05,0.0021047,0.00234755,-0.00040475,0.01314222,0.00134589,2.81E-228,0.7917
10.28806584,-0.00032512,0.0012192,0.00065024,-0.00073152,0.01440894,0.00126672,5.83E-226,0.7917
10.29866117,-0.00073458,0.00048972,-0.0012243,-0.00065296,0.01512911,0.00118815,1.19E-223,0.7921
10.30927835,-0.00040985,0.00114758,-0.00106561,-0.00090167,0.01799883,0.00126864,2.39E-221,0.7929
10.31991744,0.000823,0.0013168,-8.23E-05,-0.0009876,0.02134246,0.00071406,4.72E-219,0.7934
10.33057851,0.00099096,0.00049548,0.00033032,-0.00049548,0.02403699,0.00023799,9.14E-217,0.7933
10.34126163,0.0003314,0.00024855,8.29E-05,0.0003314,0.02760336,0.00015864,1.74E-214,0.7932
10.35196687,0.0004157,0.0008314,-0.00116396,0.00024942,0.0322161,0.0007935,3.26E-212,0.7935
10.3626943,0.00108472,0.00158536,-0.0012516,0.00016688,0.0389011,0.00095268,6.01E-210,0.7939
10.37344398,0.00217672,0.00050232,0.00100464,0.00075348,0.04666956,0.00087307,1.09E-207,0.7937
10.38421599,0.0026864,-8.40E-05,0.003358,0.00092345,0.05694458,0.00150689,1.93E-205,0.7931
10.3950104,0.00159885,0.00058905,0.00294525,0.0013464,0.06985449,0.00198225,3.37E-203,0.7929
10.40582726,0.00016868,0.00050604,0.00025302,0.00244586,0.0848938,0.0023802,5.77E-201,0.7934
10.41666667,8.45E-05,0.00067624,-0.00219778,0.00228231,0.10300928,0.00246016,9.72E-199,0.7936
10.42752868,0.0008471,0.00144007,-0.00228717,0.00144007,0.124501,0.0021411,1.60E-196,0.793
10.43841336,0.0012732,0.00186736,0.00025464,0.00135808,0.15289254,0.00110964,2.60E-194,0.7926
10.44932079,0.00042505,0.00119014,0.00348541,0.00127515,0.18925752,0,4.14E-192,0.7932
10.46025105,-0.00042565,-0.00017026,0.0034052,0.00119182,0.23269209,0.00055573,6.48E-190,0.7939
10.47120419,-0.00042635,0.00034108,-0.00110851,0.00153486,0.28202042,0.00214434,9.94E-188,0.7942
10.48218029,-0.00042695,0.00179319,-0.00392794,0.00093929,0.33884838,0.00230347,1.49E-185,0.7943
10.49317943,-0.00059829,0.0017094,-0.00076923,-0.00017094,0.40218321,0.00095436,2.21E-183,0.7953
10.50420168,-0.00076995,0.0018821,0.0042775,-0.0003422,0.46812,0.0011952,3.20E-181,0.7968
10.51524711,-0.00059955,0.00265515,0.0046251,-0.0001713,0.532266,0.0021546,4.55E-179,0.798
10.52631579,0.00077166,0.00274368,0.00034296,-8.57E-05,0.58757823,0.00207766,6.34E-177,0.7991
10.5374078,0.00223132,0.0021455,-0.00274624,0.00060074,0.63439376,0.0024024,8.66E-175,0.8008
10.54852321,0.00249081,0.0017178,-0.00111657,0.00094479,0.66970509,0.00216837,1.16E-172,0.8031
10.55966209,0.00266414,0.00034376,0.00180474,0.00077346,0.692139,0.0007245,1.52E-170,0.805
10.57082452,0.00249255,-0.0008595,0.00214875,0.0006876,0.70441044,-8.07E-05,1.96E-168,0.8067
10.58201058,0.00154746,-0.00042985,0.00068776,0.00068776,0.7085964,0.00016178,2.47E-166,0.8089
10.59322034,0.00051594,0.00094589,-0.00154782,0.00137584,0.7087641,0.0001623,3.05E-164,0.8115
10.60445387,-0.00017196,0.00223548,-0.0017196,0.00249342,0.70979051,-0.00048822,3.69E-162,0.8137
10.61571125,-0.00103116,0.00154674,0.00146081,0.00240604,0.71111034,-0.00106002,4.37E-160,0.8154
10.62699256,-0.00137424,-0.00017178,0.00446628,0.00137424,0.7119554,-0.0012261,5.07E-158,0.8174
10.63829787,-0.00034344,-0.00077274,0.00369198,0.00111618,0.71223733,-0.00057379,5.75E-156,0.8197
10.64962726,0.00077229,-8.58E-05,0,0.00197363,0.70565334,0.00032844,6.38E-154,0.8211
10.66098081,0.0009427,0.0017997,-0.0021425,0.0023996,0.69351256,0.0008216,6.93E-152,0.8216
10.67235859,0.0008557,0.00265267,-0.00068456,0.00179697,0.67091581,0.00016442,7.35E-150,0.8221
10.68376068,0.00068352,0.00162336,0.00162336,0.00111072,0.63205849,-0.00098772,7.64E-148,0.8231
10.69518717,0.00042645,0.00076761,0.00238812,0.0008529,0.58048515,-0.00123525,7.75E-146,0.8235
10.70663812,0.00059584,0,0.00093632,0,0.51311799,-0.0016454,7.68E-144,0.8227
10.71811361,0.00059458,-8.49E-05,-0.00059458,-0.00178374,0.43739091,-0.00131472,7.44E-142,0.8217
10.72961373,0.00042385,0.00110201,0.00076293,-0.00237356,0.36391152,0.00016422,7.05E-140,0.8211
10.74113856,0.00033832,0.00109954,0.00304488,-0.00059206,0.29384183,0.00057407,6.53E-138,0.8201
10.75268817,-0.00033744,0.00025308,0.00320568,0.00160284,0.23356755,0.00024543,5.90E-136,0.8181
10.76426265,-0.00067312,0.0004207,0.00159866,0.00201936,0.18399936,0.00048936,5.20E-134,0.8156
10.77586207,-8.39E-05,0.0016782,8.39E-05,0.00100692,0.14394353,0.00130192,4.49E-132,0.8137
10.78748652,0.00092048,0.00242672,-0.00108784,0.0004184,0.1141141,0.00138074,3.78E-130,0.8122
10.79913607,0.0016688,0.0012516,-0.00133504,0.00033376,0.09106648,0.00113428,3.11E-128,0.8102
10.81081081,0.00149796,-0.0004161,-0.00058254,0.00024966,0.07306065,0.00209898,2.49E-126,0.8073
10.82251082,0.0011627,-0.00074745,-0.00091355,0.00058135,0.05842122,0.00346021,1.95E-124,0.8047
10.83423619,0.00091179,0,-0.00232092,0.00107757,0.0469638,0.00313092,1.49E-122,0.8028
10.84598698,0.00066176,0.00132352,-0.00173712,0.00107536,0.03877808,0.00112168,1.11E-120,0.8012
10.8577633,0.0006604,0.0011557,0.0004953,0.00057785,0.03124872,-0.00031968,8.11E-119,0.7992
10.86956522,0.0007416,0,0.0015656,-0.0001648,0.02479603,-0.00031892,5.75E-117,0.7973
10.88139282,0.00131648,0.00057596,0,-8.23E-05,0.02053938,0.00055727,3.99E-115,0.7961
10.89324619,0.00213668,0.00180796,-0.00254758,0.00131488,0.0182965,0.0011137,2.70E-113,0.7955
10.90512541,0.00156009,0.00254541,-0.00254541,0.0024633,0.017172,0.0016695,1.78E-111,0.795
10.91703057,-0.00016414,0.00254417,0.00147726,0.00180554,0.01564574,0.0023826,1.14E-109,0.7942
10.92896175,-0.00032816,0.00196896,0.00484036,0,0.01325646,0.0019845,7.14E-108,0.7938
10.94091904,0.00098424,0.00196848,0.0028707,-0.00065616,0.01040533,0.00198575,4.36E-106,0.7943
10.95290252,0.00172326,0.00131296,-0.0004103,0.00073854,0.00922432,0.0027832,2.59E-104,0.7952
10.96491228,0.00106743,8.21E-05,-0.00032844,0.00221697,0.00915285,0.00326319,1.50E-102,0.7959
10.97694841,-0.0001643,-0.0009858,0.00106795,0.00238235,0.007967,0.00223076,8.47E-101,0.7967
10.98901099,0,-0.00205625,0.001316,0.000987,0.00606708,0.00095796,4.65E-99,0.7983
11.00110011,0.0017304,-0.0011536,0,-0.0007416,0.0044022,0.00168084,2.49E-97,0.8004
11.01321586,0.00338414,0.00057778,-0.0012381,-0.00057778,0.00385104,0.00264759,1.30E-95,0.8023
11.02535832,0.00256215,0.00140505,0.00041325,0.00090915,0.00434106,0.00337638,6.56E-94,0.8039
11.03752759,0.00049662,0.00157263,0.00364188,0.00157263,0.00467364,0.00451248,3.23E-92,0.8058
11.04972376,-0.00033172,0.00041465,0.00348306,0.00132688,0.00460731,0.00590059,1.55E-90,0.8083
11.0619469,-0.00016624,0.00024936,-0.00058184,0.00116368,0.00397096,0.00713152,7.21E-89,0.8104
11.07419712,0.00033324,0.0008331,-0.00374895,0.00091641,0.00251596,0.00860296,3.26E-87,0.8116
11.0864745,0.00033392,0.0012522,-0.00300528,0.00058436,0.00105638,0.01129514,1.43E-85,0.8126
11.09877913,-0.00016724,0.00242498,0.00142154,0.00033448,0.00032556,0.01432464,6.11E-84,0.8139
11.11111111,-0.0005025,0.00259625,0.005025,8.38E-05,0.00130368,0.01776264,2.53E-82,0.8148
11.12347052,-0.00041945,0.00176169,0.00352338,-0.00159391,0.00260768,0.0220023,1.02E-80,0.8149
11.13585746,0,0.00092455,-0.00075645,-0.00327795,0.0023635,0.02771,3.97E-79,0.815
11.14827202,8.42E-05,0.00092576,-0.0025248,-0.00176736,0.00057071,0.03530249,1.51E-77,0.8153
11.16071429,8.43E-05,0.00193775,0.00025275,-8.43E-05,-0.000489,0.044173,5.54E-76,0.815
11.17318436,-0.00042165,0.00185526,0.00362619,-0.00092763,0.00056945,0.05621285,1.97E-74,0.8135
11.18568233,-0.0005908,0.0019412,0.0036292,-0.001266,0.00129856,0.07361212,6.80E-73,0.8116
11.19820829,-0.00016888,0.00244876,0.00118216,0.00025332,0.00113428,0.0984393,2.28E-71,0.8102
11.21076233,-8.44E-05,0.0016888,-0.00109772,0.00202656,0.0016176,0.1342608,7.40E-70,0.8088
11.22334456,-0.00050658,0.0016886,-0.00025329,0.0025329,0.00201575,0.18456207,2.33E-68,0.8063
11.23595506,-0.00075951,0.00202536,0.00345999,0.0016878,0.00233015,0.25205795,7.09E-67,0.8035
11.24859393,0,0.00118062,0.00396351,0.00160227,0.00216351,0.33550431,2.09E-65,0.8013
11.26126126,0.00134816,0.00058982,-0.00092686,0.00202224,0.0012792,0.4272528,5.99E-64,0.7995
11.27395716,0.00092631,0.00042105,-0.00538944,0.0016842,0.00055776,0.51290016,1.66E-62,0.7968
11.28668172,-0.00067296,0.0008412,-0.00344892,0.00185064,0.0003968,0.57924864,4.44E-61,0.7936
11.29943503,-0.00151182,0.00109187,0.00218374,0.00226773,0.00063304,0.61768878,1.15E-59,0.7913
11.31221719,-0.00117418,0.00109031,0.00461285,0.00176127,0.00031596,0.62860242,2.90E-58,0.7899
11.32502831,0.00050238,0.0008373,0.00058611,0.00058611,-0.0005516,0.6270116,7.04E-57,0.788
11.33786848,0.00183898,-0.00016718,-0.0050154,-0.00075231,-0.00086405,0.62329425,1.65E-55,0.7855
11.3507378,0.00141814,0.00058394,-0.00475494,-0.00100104,-0.00141084,0.62006418,3.76E-54,0.7838
11.36363636,-0.00033296,0.0016648,0.00091564,0.00141508,-0.00187968,0.62311392,8.28E-53,0.7832
11.37656428,-0.00132896,0.00058142,0.00406994,0.00357158,-0.00086075,0.62357425,1.76E-51,0.7825
11.38952164,-0.0005803,0,0.0005803,0.0022383,-0.00015626,0.62043033,3.62E-50,0.7813
11.40250855,0.00115836,-8.27E-05,-0.00521262,-0.00016548,-0.00070263,0.60558899,7.18E-49,0.7807
11.41552511,0.0036322,0,-0.0062738,-0.00090805,-0.00101556,0.5573862,1.38E-47,0.7812
11.42857143,0.00477746,0.00032948,-0.00115318,-0.00032948,-0.00039085,0.4869991,2.56E-46,0.7817
11.4416476,0.00402731,0.00090409,0.00443826,0.00098628,0.0001563,0.3988776,4.57E-45,0.7815
11.45475372,0.003034,0.002132,0.003854,0.001394,0,0.3071295,7.89E-44,0.7815
11.46788991,0.00229012,0.0016358,-0.00049074,0.00032716,-0.00054782,0.2304757,1.32E-42,0.7826
11.48105626,0.00138703,0.00097908,-0.00122385,-8.16E-05,-0.00109788,0.16797564,2.12E-41,0.7842
11.49425287,0.00032556,0.0008139,0.00113946,0.00130224,-0.00172788,0.12307218,3.28E-40,0.7854
11.50747986,0.0007308,-0.0001624,0.0026796,0.0012992,-0.00165165,0.0901329,4.90E-39,0.7865
11.52073733,0.0020265,-0.00072954,0.00235074,-0.00016212,-0.0007881,0.06683088,7.06E-38,0.7881
11.53402537,0.0011333,-0.0012952,0.0003238,-0.0003238,-0.00031592,0.05260068,9.80E-37,0.7898
11.54734411,-8.09E-05,-0.00088946,-0.0008086,0.00105118,0,0.04209716,1.31E-35,0.7913
11.56069364,0.00040385,0.00024231,0.00096924,0.00169617,0.00055489,0.03416537,1.69E-34,0.7927
11.57407407,0.000807,0.0004035,0.004035,0.0007263,0.0009534,0.0265363,2.09E-33,0.7945
11.58748552,0.0008064,0.00177408,0.00435456,-0.0004032,0.00071676,0.0191136,2.49E-32,0.7964
11.60092807,0.0016926,0.0034658,0.0012896,0.000403,0,0.01444561,2.86E-31,0.7981
11.61440186,0.00217512,0.00306128,-0.00128896,0.00112784,0.00047982,0.01287517,3.15E-30,0.7997
11.62790698,0.00112728,0.0012078,-0.00104676,8.05E-05,0.00104195,0.0121828,3.34E-29,0.8015
11.64144354,0.00032204,-0.00032204,0.00032204,-0.00072459,0,0.00972114,3.41E-28,0.8034
11.65501166,0.00064448,0,0.00145008,-0.00016112,-0.000805,0.0068425,3.34E-27,0.805
11.66861144,0.0002418,0.0011284,0.000806,0.0009672,-0.00016126,0.00572473,3.14E-26,0.8063
11.68224299,-0.00112938,0.00217809,-0.00201675,0.00096804,0.00088847,0.00605775,2.84E-25,0.8077
11.69590643,-0.00209924,0.00314886,-0.0024222,0.00032296,0.00097068,0.00574319,2.46E-24,0.8089
11.70960187,-0.00137343,0.0024237,8.08E-05,0.00105027,0.00089067,0.00437238,2.04E-23,0.8097
11.72332943,0.00096996,0.00105079,0.00258656,0.00299071,0.00170163,0.00307914,1.63E-22,0.8103
11.7370892,0.00194112,0.00064704,0.00493368,0.004044,0.0024327,0.00332469,1.25E-21,0.8109
11.75088132,0.00089045,-0.0006476,0.004857,0.00315705,0.00267795,0.0038952,9.15E-21,0.8115
11.76470588,0.00024291,-0.00178134,0.00145746,0.00194328,0.00251627,0.00211042,6.43E-20,0.8117
11.77856302,-0.00064768,-0.00129536,-0.00153824,0.00178112,0.0021112,0.0007308,4.33E-19,0.812
11.79245283,-0.00129552,0.00048582,-0.00170037,0.00226716,0.00178728,0.00089364,2.79E-18,0.8124
11.80637544,0,0.001863,0.00081,0.001782,0.00105664,0.00097536,1.73E-17,0.8128
11.82033097,0.00113512,0.00145944,0.00227024,0,0.0005691,0.0015447,1.02E-16,0.813
11.83431953,0.00032468,0.00154223,0.00016234,-0.00024351,0.00146322,0.0024387,5.77E-16,0.8129
11.84834123,-0.00065,0.00195,-0.00251875,0.0013,0.00276386,0.00317031,3.12E-15,0.8129
11.8623962,0.00089441,0.00187013,-0.0024393,0.00105703,0.0021951,0.0028455,1.62E-14,0.813
11.87648456,0.00268521,0.00219699,0,-0.00105781,8.13E-05,0.00154451,8.00E-14,0.8129
11.89060642,0.0026048,0.0011396,0.0023606,-0.0025234,-0.00032492,0.00032492,3.78E-13,0.8123
11.9047619,0.00130352,0.00089617,0.00187381,-0.00203675,0.00170415,-0.00024345,1.71E-12,0.8115
11.91895113,-0.00057134,0.00187726,-0.0008162,0.00048972,0.00227024,-0.00056756,7.36E-12,0.8108
11.93317422,-0.00065424,0.00024534,-0.0016356,0.0016356,0.0008098,-0.00105274,3.03E-11,0.8098
11.9474313,0.00090068,-0.00114632,0.00131008,0.00106444,0.0008083,0,1.19E-10,0.8083
11.96172249,0.00114744,-8.20E-05,0.00352428,0.00213096,0.00145116,0.00048372,4.45E-10,0.8062
11.9760479,0.0008207,0.00106691,8.21E-05,0.00287245,0.00120615,0.0008041,1.59E-09,0.8041
11.99040767,0.00115108,0.0016444,-0.00567318,0.00230216,0.00056147,0.00200525,5.40E-09,0.8021
12.00480192,0.00156503,0.00156503,-0.0049422,0.00123555,0.00047976,0.00343828,1.75E-08,0.7996
12.01923077,0.00214448,0.002062,0.0016496,-8.25E-05,0.00143334,0.00430002,5.40E-08,0.7963
12.03369434,0.00156902,0.00198192,0.00602834,0,0.00174372,0.00261558,1.59E-07,0.7926
12.04819277,0.00016542,-8.27E-05,0.00454905,0.00132336,7.89E-05,0.00126272,4.44E-07,0.7892
12.06272618,-0.0001657,-0.0013256,0.0008285,0.00124275,-0.00149321,0.00031436,1.18E-06,0.7859
12.07729469,0.0012441,-0.00132704,0,-0.00149292,-0.00093816,-0.0003909,2.99E-06,0.7818
12.09189843,0.00315324,0.00058086,0.00265536,-0.00348516,0.0001555,-7.78E-05,7.19E-06,0.7775
12.10653753,0.00381846,0.00257331,0.00556167,-0.00132816,7.74E-05,-0.00023223,1.65E-05,0.7741
12.12121212,0.00323817,0.00041515,0.00440059,0.00215878,-0.00046296,0.0003858,3.59E-05,0.7716
12.13592233,0.00199248,-0.00107926,-0.0008302,0.00265664,-0.0011529,0.00092232,7.41E-05,0.7686
12.15066829,0.00033192,-0.00091278,-0.00307026,0,-0.00130152,0.00015312,0.000145533,0.7656
12.16545012,-0.00041455,-0.00033164,0.0024873,-0.00074619,7.64E-05,-0.0012988,0.000271696,0.764
12.18026797,-0.00066272,0.00265088,0.0086982,0.00240236,0.00145065,-0.00206145,0.000481969,0.7635
12.19512195,-0.00033096,0.00273042,0.00695016,0.00355782,0.00236344,-0.00121984,0.000810279,0.7624
12.21001221,0.00123855,-0.00016514,0.00049542,0.00214682,0.0022818,0.00015212,0.001290329,0.7606
12.22493888,0.0026368,-0.0021424,-0.0026368,0.0022248,0.00106428,-0.00159642,0.001950936,0.7602
12.23990208,0.002303,-0.00304325,-0.00041125,0.002961,-0.0011427,-0.00472316,0.00280177,0.7618
12.25490196,0.00106717,-0.0016418,0.00500749,0.00311942,-0.00213752,-0.00396968,0.003810228,0.7634
12.26993865,0.00122865,0.00122865,0.00802718,0.00212966,-0.00084029,-0.00114585,0.004897761,0.7639
12.28501229,0.00277746,0.00383943,0.00449295,-0.00040845,0.000918,0.0006885,0.005961599,0.765
12.300123,0.00260512,0.00350063,-0.00187243,-0.00130256,0.00176686,0.0007682,0.006882015,0.7682
12.31527094,0.00048666,0.00137887,-0.00381217,0.00097332,0.00084942,0,0.007518496,0.7722
12.33045623,-0.00088902,0.00169722,0.0008082,0.00258624,-7.75E-05,0.00023244,0.007748,0.7748
12.34567901,-0.0019332,0.0019332,0.00604125,0.0027387,-7.77E-05,0.00124304,0.007537381,0.7769
12.36093943,-0.0017655,0.000963,0.005457,0.0027285,-0.00023418,0.00187344,0.006937644,0.7806
12.37623762,-0.00087956,0.00127936,0.00135932,0.00167916,-0.0003142,0.00180665,0.006035948,0.7855
12.39157373,-0.0015946,0.00143514,0.00087703,0.00111622,0.00015792,0.00307944,0.004949069,0.7896
12.40694789,-0.00174878,0.00103337,0.00373603,0.00222572,0.00063408,0.00404226,0.00382121,0.7926
12.42236025,0.00015846,0.00102999,0.00491226,0.00245613,0.0011949,0.00191184,0.002784465,0.7966
12.43781095,0.001975,0.002686,0.003476,0.00079,0.00192408,-0.00056119,0.001914262,0.8017
12.45330012,0.00047298,0.00378384,0.00118245,0.00031532,0.00298146,-0.00024174,0.001237787,0.8058
12.46882793,-0.0031488,0.00188928,0.00062976,0.00165312,0.00266673,0.00137377,0.000751728,0.8081
12.48439451,-0.00385238,0.0007862,0.0031448,0.00267308,0.00105339,0.00072927,0.000429508,0.8103
12.5,-0.00180665,0.0014139,0.00541995,0.0040846,0.00048768,-0.00073152,0.000230885,0.8128
12.51564456,-0.00031412,0.00188472,0.00376944,0.00361238,0.00024417,-0.00097668,0.000116474,0.8139
12.53132832,0.000785,0.002826,0.000314,0.000314,8.13E-05,-8.13E-05,5.51E-05,0.8131
12.54705144,0.00196275,0.0031404,-0.00125616,-0.00070659,0.0012992,0.001218,2.45E-05,0.812
12.56281407,0.00275065,0.0023577,-0.00015718,0.00023577,0.00332961,0.00073089,1.02E-05,0.8121
12.57861635,0.00307008,0.00141696,0.00251904,-0.00055104,0.00446655,-8.12E-05,4.00E-06,0.8121
12.59445844,0.0033117,0.00165585,0.00323285,-0.0020501,0.00421616,0.00032432,1.47E-06,0.8108
12.61034048,0.003951,0.0031608,0.00055314,-0.00244962,0.00267102,0.00137598,5.04E-07,0.8094
12.62626263,0.00380256,0.00340646,-0.00285192,-0.00182206,0.00040445,0.00137513,1.62E-07,0.8089
12.64222503,0.0020657,0.0019068,-0.00293965,-0.0006356,-8.08E-05,0.00096984,4.90E-08,0.8082
12.65822785,0.00063736,0.00063736,0.00047802,0.00127472,0.00120945,0.00153197,1.38E-08,0.8063
12.67427123,0.00095832,-0.00143748,0.00215622,0.00351384,0.00265419,0.00201075,3.65E-09,0.8043
12.69035533,0.00216108,-0.00248124,-0.00016008,0.00456228,0.004016,0.00192768,9.03E-10,0.8032
12.7064803,0.00248775,0.000321,-0.00321,0.00489525,0.00425272,0.00056168,2.09E-10,0.8024
12.72264631,0.002012,0.00313872,-0.00313872,0.00450688,0.0028818,-0.00136085,4.50E-11,0.8005
12.7388535,0.0016136,0.0032272,0.00024204,0.0032272,0.00135711,-0.00175626,9.05E-12,0.7983
12.75510204,0.0011319,0.0024255,0.0037191,0.0021021,0.0002391,-0.0003985,1.70E-12,0.797
12.77139208,0.0008101,0.00210626,0.00348343,0.0008101,-0.00135371,0.00135371,2.98E-13,0.7963
12.78772379,0.0008118,0.00259776,-0.00016236,0,-0.00166887,0.00182781,4.88E-14,0.7947
12.80409731,0.00195096,0.00121935,-0.00219483,0.00056903,-0.0011892,0.00221984,7.42E-15,0.7928
12.82051282,0.00349762,-0.00138278,0.0004067,-8.13E-05,-0.0014247,0.00197875,1.05E-15,0.7915
12.83697047,0.00219672,-0.0008136,0.00480024,-0.0012204,-0.00031632,0.00213516,1.39E-16,0.7908
12.85347044,-0.00073197,0.00105729,0.00528645,-0.00040665,0.00039475,0.0026843,1.71E-17,0.7895
12.87001287,-0.00105625,0.00235625,0.00065,0.0011375,-0.00031508,0.00189048,1.95E-18,0.7877
12.88659794,0.00138006,0.00251658,-0.00414018,0.0024354,-0.0011011,0.00102245,2.07E-19,0.7865
12.90322581,0.00308332,0.0008114,-0.00494954,0.0032456,-0.00094296,0.00165018,2.05E-20,0.7858
12.91989664,0.00259456,0.00056756,-0.00048648,0.00251348,0.00015698,0.00266866,1.87E-21,0.7849
12.93661061,0.00153881,0.0008099,0.00494039,0.00145782,0.00219408,0.00227244,1.59E-22,0.7836
12.95336788,0.00169806,-0.00145548,0.0044473,0.00210236,0.00258324,0.0023484,1.25E-23,0.7828
12.97016861,0.00177672,-0.002019,-0.00096912,0.00355344,0.00093852,0.00218988,9.16E-25,0.7821
12.98701299,0.00104923,0.00056497,-0.00443905,0.00460047,0.00062472,0.00124944,6.19E-26,0.7809
13.00390117,0.00072594,0.00112924,-0.00258112,0.00330706,0.00031176,0.00202644,3.87E-27,0.7794
13.02083333,0.0009672,-0.000403,0.0016926,0.0005642,-0.00101192,0.0027244,2.24E-28,0.7784
13.03780965,0.0006444,-0.00104715,0.0038664,8.06E-05,-0.00069993,0.00038885,1.20E-29,0.7777
13.05483029,8.05E-05,-8.05E-05,0.00281715,0.0008049,0.00069903,-0.00170874,5.95E-31,0.7767
13.07189542,0.0004827,0.00120675,-0.00040225,0.00040225,0.00100815,0.00131835,2.72E-32,0.7755
13.08900524,0.0008043,0.00048258,-0.00313677,0,0.001938,0.0042636,1.15E-33,0.7752
13.1061599,0.0004022,-0.0008044,-0.00249364,-0.00056308,0.00317914,0.00379946,4.47E-35,0.7754
13.12335958,0.00024147,0,0.00112686,-0.00209274,0.00217,0.00279,1.61E-36,0.775
13.14060447,0.00104702,0.00209404,0.0048324,-0.00330214,0.00147098,0.00170324,5.31E-38,0.7742
13.15789474,0.00257952,0.00257952,0.00475599,-0.00249891,0.00185808,0.00185808,1.62E-39,0.7742
13.17523057,0.00290448,0.00048408,-0.00088748,-0.0012102,0.00216972,0.00193725,4.54E-41,0.7749
13.19261214,0.00258336,-0.00088803,-0.00573183,-0.00024219,0.0015502,0.00054257,1.17E-42,0.7751
13.21003963,0.00266541,-8.08E-05,-0.00339234,0.00016154,0.00108444,-0.00147174,2.77E-44,0.7746
13.22751323,0.00226268,-0.00072729,0.00315159,-0.00032324,0.00131716,-0.0015496,6.04E-46,0.7748
13.24503311,0.00121275,-0.001617,0.00687225,0.0003234,0.0009312,0.0010864,1.21E-47,0.776
13.26259947,0.00072738,-0.00056574,0.00428346,0.0016164,0.00100984,0.00186432,2.22E-49,0.7768
13.28021248,0.00153368,0.0012108,-0.002018,0.00258304,0.00163044,0.00062112,3.72E-51,0.7764
13.29787234,0.00169218,0.00354552,-0.0044319,0.00394842,0.00093168,7.76E-05,5.73E-53,0.7764
13.31557923,0.0016088,0.00353936,0.00016088,0.00386112,-0.00085536,0.00069984,8.08E-55,0.7776
13.33333333,0.00216702,0.0016052,0.00666158,0.00216702,-0.00179147,0.00116835,1.04E-56,0.7789
13.35113485,0.0016006,0.00072027,0.00688258,0.00152057,-0.00132396,0.00140184,1.23E-58,0.7788
13.36898396,0.00031884,0.00175362,0.00111594,0.00231159,-0.00023346,0.00178986,1.32E-60,0.7782
13.38688086,-0.00071415,0.0036501,-0.00261855,0.0025392,0.00178986,0.00108948,1.30E-62,0.7782
13.40482574,-0.00102713,0.00213327,-0.00110614,0.00110614,0.00303459,-7.78E-05,1.17E-64,0.7781
13.42281879,0.00015732,-0.00070794,0.00204516,-0.00149454,0.0023304,-0.00062144,9.53E-67,0.7768
13.44086022,0.00219268,0.00015662,0.00321071,-0.00281916,0.0011616,-0.00046464,7.08E-69,0.7744
13.4589502,0.00296476,0.00241862,0.00179446,-0.0019505,-7.72E-05,0.00131274,4.79E-71,0.7722
13.47708895,0.00186576,0.00287638,-0.00046644,-0.00031096,-0.00084722,0.00315782,2.95E-73,0.7702
13.49527665,0.00092964,0.00201422,-0.00046482,0.00023241,-0.00023028,0.00284012,1.65E-75,0.7676
13.51351351,0.00131359,0.0023181,0.00115905,-0.00030908,0.00022935,0.0019877,8.39E-78,0.7645
13.53179973,0.0015428,0.00331702,0.00092568,-0.00030856,7.62E-05,0.00243744,3.87E-80,0.7617
13.5501355,0.00238948,0.001927,-0.00092496,-0.00069372,0.0003797,0.00288572,1.62E-82,0.7594
13.56852103,0.0030848,0.00030848,-0.00239072,-0.00131104,0.00060568,0.00234701,6.16E-85,0.7571
13.58695652,0.0013124,0.0003088,-0.0023932,-0.0001544,0.00030188,0.00181128,2.12E-87,0.7547
13.60544218,-0.00069588,-0.00069588,0.00108248,0.001933,-0.0001505,0.00097825,6.61E-90,0.7525
13.6239782,-0.0004653,-0.0012408,0.0052734,0.00364485,-0.00030016,0.00067536,1.86E-92,0.7504
13.6425648,0.00062304,0.00015576,0.00576312,0.003894,-0.00052367,0.0007481,4.74E-95,0.7481
13.66120219,0.0008613,0.0011745,0.0037584,0.0018792,-0.00119344,0.00067131,1.09E-97,0.7459
13.67989056,0.0006304,0.0026792,0.0018912,-0.000788,-0.00111675,0.001489,2.27E-100,0.7445
13.69863014,0.00142794,0.00214191,0.00182459,-0.00087263,0.00059472,0.00193284,4.25E-103,0.7434
13.71742112,0.00271558,-0.00031948,0.0039935,0.00087857,0.00230082,0.00141018,7.19E-106,0.7422
13.73626374,0.00249333,0.00024129,0.00506709,0.00072387,0.00281732,0.00133452,1.09E-108,0.7414
13.75515818,0.00024285,0.0014571,0.0019428,-0.00186185,0.00244794,0.00103852,1.50E-111,0.7418
13.77410468,-0.00195312,0.00276692,-0.00211588,-0.00227864,0.0011145,0.000743,1.85E-114,0.6
13.79310345,-0.00220671,0.00531245,-0.00204325,0.00089903,0.0011157,0.00126446,2.05E-117,0.4
13.8121547,-0.0004099,0.00664038,0.00188554,0.004099,0.00364952,0.00268128,2.04E-120,0.2
13.83125864,0.0012315,0.0055828,0.0046797,0.0047618,0.0038844,0.0032868,1.82E-123,0
